{
  "meta_title": "",
  "meta_description": "",
  "sections": [
    {
      "type": "banner-slider",
      "autoplay": 9000,
      "full_width": true,
      "slides": [
        {
          "img": "/img/uploads/regua-de-dilatacao-ou-dilatometro-armazem-das-doulas.jpg",
          "link": "https://armazemdasdoulas.netlify.app/regua-de-dilatacao-dilatometro",
          "alt": "Régua de dilatação",
          "start": "",
          "end": "",
          "mobile_img": "/img/uploads/regua-de-dilatacao-ou-dilatometro-armazem-das-doulas.jpg"
        },
        {
          "start": "",
          "end": "",
          "img": "/img/uploads/rebozo-parto-armazem-das-doulas.jpg",
          "alt": "Rebozo artesanal",
          "mobile_img": "/img/uploads/rebozo-parto-armazem-das-doulas.jpg",
          "link": "https://armazemdasdoulas.netlify.app/rebozo-artesanal-100-algodao"
        },
        {
          "start": "",
          "end": "",
          "img": "/img/uploads/mama-croche-amamentacao-armazem-das-doulas.jpg",
          "mobile_img": "/img/uploads/mama-croche-amamentacao-armazem-das-doulas.jpg",
          "link": "https://armazemdasdoulas.netlify.app/mama-didatica-croche-c500",
          "alt": "Mama didática"
        },
        {
          "start": "",
          "end": "",
          "img": "/img/uploads/oleo-vegetal-massagem-armazem-das-doulas.jpg",
          "link": "https://armazemdasdoulas.netlify.app/search?term=%C3%B3leo+vegetal",
          "alt": "óleos vegetais",
          "mobile_img": "/img/uploads/oleo-vegetal-massagem-armazem-das-doulas.jpg"
        }
      ]
    },
    {
      "type": "info-bar",
      "enabled": true
    },
    {
      "type": "dynamic-showcase",
      "load_more": true,
      "sort": "slug"
    },
    {
      "type": "collection-shelf",
      "shuffle": true,
      "collection_id": null,
      "sort": "offers",
      "title": "",
      "headless": false,
      "limit": 12,
      "page": 1
    },
    {
      "type": "page-title",
      "title": "Loja demo da E-Com Plus",
      "description": "Loja de demonstração e testes da plataforma E-Com Plus e Storefront. Todos os produtos, preços e informações são meramente ilustrativos."
    }
  ]
}